{
    "CLI_version": "3.6.3",
    "branch": "master",
    "conf": {
        "cloud": "",
        "files": [
            "../harnesses/mixins/ERC4626BalanceOfHarness.sol",
            "../helpers/DummyERC20A.sol",
            "../helpers/DummyERC20B.sol"
        ],
        "link": [
            "ERC4626BalanceOfHarness:asset=DummyERC20A"
        ],
        "loop_iter": "3",
        "msg": "ERC4626 verification: --rule sharesToOneAsset - invariant sharesToOneAsset",
        "optimistic_loop": true,
        "process": "emv",
        "rule": [
            "sharesToOneAsset"
        ],
        "rule_sanity": "basic",
        "settings": [
            "-assumeUnwindCond",
            "-b=3",
            "-rule=sharesToOneAsset",
            "-ruleSanityChecks=basic"
        ],
        "verify": [
            "ERC4626BalanceOfHarness:../specs/ERC4626.spec"
        ]
    },
    "context": {
        "address": {},
        "assert_contracts": null,
        "build_dir": null,
        "build_only": false,
        "bytecode_jsons": null,
        "bytecode_spec": null,
        "cache": "../harnesses/mixins/ERC4626BalanceOfHarness.sol-../helpers/DummyERC20A.sol-../helpers/DummyERC20B.sol-optimisticTrue-iter3-cloud-",
        "check_args": false,
        "cloud": "",
        "coinbaseMode": false,
        "commit_sha1": null,
        "conf_file": "last_conf_11_03_2023__19_21_04.conf",
        "contract_to_file": {
            "DummyERC20A": "../helpers/DummyERC20A.sol",
            "DummyERC20B": "../helpers/DummyERC20B.sol",
            "ERC4626BalanceOfHarness": "../harnesses/mixins/ERC4626BalanceOfHarness.sol"
        },
        "contracts": [
            "DummyERC20B",
            "ERC4626BalanceOfHarness",
            "DummyERC20A"
        ],
        "debug": null,
        "debug_topics": false,
        "delay_fetch_output_seconds": null,
        "disableLocalTypeChecking": false,
        "disable_auto_cache_key_gen": false,
        "domain": "https://prover.certora.com",
        "dynamic_bound": null,
        "dynamic_dispatch": false,
        "expected_file": "expected.json",
        "file_paths": [
            "../helpers/DummyERC20B.sol",
            "../harnesses/mixins/ERC4626BalanceOfHarness.sol",
            "../helpers/DummyERC20A.sol"
        ],
        "file_to_contract": {
            "../harnesses/mixins/ERC4626BalanceOfHarness.sol": [
                "ERC4626BalanceOfHarness"
            ],
            "../helpers/DummyERC20A.sol": [
                "DummyERC20A"
            ],
            "../helpers/DummyERC20B.sol": [
                "DummyERC20B"
            ]
        },
        "files": [
            "../harnesses/mixins/ERC4626BalanceOfHarness.sol",
            "../helpers/DummyERC20A.sol",
            "../helpers/DummyERC20B.sol"
        ],
        "get_conf": null,
        "hashing_length_bound": null,
        "include_empty_fallback": false,
        "internal_funcs": null,
        "jar": null,
        "java_args": null,
        "link": [
            "ERC4626BalanceOfHarness:asset=DummyERC20A"
        ],
        "local": false,
        "log_branch": null,
        "log_query_frequency_seconds": null,
        "loop_iter": "3",
        "max_attempts_to_fetch_output": null,
        "max_graph_depth": null,
        "max_poll_minutes": null,
        "method": null,
        "mode": "Mode.VERIFY",
        "msg": "ERC4626 verification: --rule sharesToOneAsset - invariant sharesToOneAsset",
        "multi_assert_check": false,
        "multi_example": null,
        "no_calltrace_storage_information": false,
        "no_compare": false,
        "optimistic_hashing": false,
        "optimistic_loop": true,
        "optimize": null,
        "optimize_map": null,
        "packages": null,
        "packages_path": "/Users/sameeragarwal/Documents/audits/Secureum2023_ERC4626_public/certora/scripts/node_modules",
        "path": "/Users/sameeragarwal/Documents/audits/Secureum2023_ERC4626_public/certora/scripts",
        "process": "emv",
        "prototype": null,
        "queue_wait_minutes": null,
        "rule": [
            "sharesToOneAsset"
        ],
        "rule_sanity": "basic",
        "send_only": false,
        "settings": [
            "-assumeUnwindCond",
            "-b=3",
            "-rule=sharesToOneAsset",
            "-ruleSanityChecks=basic"
        ],
        "short_output": false,
        "skip_payable_envfree_check": false,
        "smt_timeout": null,
        "solc": "/opt/homebrew/bin/solc",
        "solc_args": null,
        "solc_map": null,
        "spec_files": [
            "../specs/ERC4626.spec"
        ],
        "staging": null,
        "struct_link": null,
        "tool_output": null,
        "typecheck_only": false,
        "user_defined_cache": false,
        "verified_contract_files": [
            "../harnesses/mixins/ERC4626BalanceOfHarness.sol"
        ],
        "verify": [
            "ERC4626BalanceOfHarness:../specs/ERC4626.spec"
        ]
    },
    "cwd_relative": "certora/scripts",
    "dirty": true,
    "origin": "https://github.com/SamAg19/Secureum2023_ERC4626_public.git",
    "raw_args": [
        "/opt/homebrew/bin/certoraRun",
        "../harnesses/mixins/ERC4626BalanceOfHarness.sol",
        "../helpers/DummyERC20A.sol",
        "../helpers/DummyERC20B.sol",
        "--verify",
        "ERC4626BalanceOfHarness:../specs/ERC4626.spec",
        "--link",
        "ERC4626BalanceOfHarness:asset=DummyERC20A",
        "--optimistic_loop",
        "--loop_iter",
        "3",
        "--cloud",
        "--rule_sanity",
        "--rule",
        "sharesToOneAsset",
        "--msg",
        "ERC4626 verification: --rule sharesToOneAsset - invariant sharesToOneAsset"
    ],
    "revision": "bde4964e7d64e483303f65f0d2e5500982032767",
    "timestamp": "1678522864.167661"
}